String,String,String,String,String,String,String,String,String,String,String,String,String,String,String,String,String,String,String,String,String,String,String,String,String,String,String,String,String,String,String,String,String,String,String,String,String,String,String,String,String,String,String,String,String,String,String,String,String,String,String,String,String,String,String,String,String
ID,Sec_word,word1,word2,word3,word4,word5,word6,word7,word8,word9,word10,word11,word12,word13,word14,word15,word16,word17,word18,word19,word20,word21,word22,word23,word24,word25,word26,word27,word28,word29,word30,word31,word32,word33,word34,word35,word36,word37,word38,word39,word40,word41,word42,word43,word44,word45,word46,word47,word48,word49,word50,word51,word52,word53,word54,word55
Man00,1,0,0,一阵邪风...;这个地形，总感觉不太好,0,但愿只是乱想,0,5...嗯,0,3嘁，距离村庄还有很长一段距离;但是却感觉恶意越来越近了,4数只低等怪物吗？;不，还有一个...,海洛！,0,5...哼，睡得真死;主动出击吧,看气息，大概是一群流寇;乌合之众,3我一个人就足够了,0,5...还是醒了吗;那就起来活动一下,0,嗯，一些不入流的货色,0,不会，没有感觉到邪能的气息,0,5...驾车更累;上了！,,,,,,,,,,,,,,,,,,,,,,,,,,,,,,,,
Woman00,1,0,0,0,乱想什么呢,0,专心驾车吧;我先休息一会,0,0,0,0,0,zzz...,0,0,0,怎么停车了？,0,魔物？,0,...会与邪能有关吗,0,那就确实只能当活动活动筋骨了;坐车真累啊,0,,,,,,,,,,,,,,,,,,,,,,,,,,,,,,,,
God00,1,荒凉旷野;两侧山峦一眼望不到头;一辆马车在较为平缓的山道中驰骋,阴云密布;一阵寒风吹过;隐蔽之处似乎有邪祟蠢蠢欲动,0,0,0,0,0,一个小时后,0,0,0,0,0,0,0,0,0,0,0,0,0,0,0,,,,,,,,,,,,,,,,,,,,,,,,,,,,,,,,
Man01,1,0,0,0,0,0,0,0,,,,,,,,,,,,,,,,,,,,,,,,,,,,,,,,,,,,,,,,,,,,,,,,
Woman01,1,0,0,0,0,0,0,0,,,,,,,,,,,,,,,,,,,,,,,,,,,,,,,,,,,,,,,,,,,,,,,,
God01,1,游戏教学环节\n该环节在本场战斗结束后可以在菜单界面“旅者之书”回顾,游戏机制介绍：\n屏幕左上和右上所显示的分别为男主和女主的生命值、魔法\n值、行动力\n生命值HP：该值降至0以下时对应角色死亡\n男女主任意一人死亡都会导致游戏失败\n魔法值MP：玩家使用大多数技能时需要消耗魔法值\n行动力AP：玩家移动、行动时一般需要消耗行动力，在每\n个角色回合开始时补至上限,本游戏战斗环节介绍：\n每个轮次每个角色行动一次，依次为：\n男主艾珀->女主海洛->敌方Npc\n每个角色的回合又分为两个阶段：\n移动 和 行动,一.移动阶段：\n进入该阶段后，玩家需通过按下WASD键移动光标位置\nSpace空格键即可令角色移动到光标位置,关于移动的规则1：\n一般地，同等高度下每移动一格需要消耗角色一点行动力\n移动阶段所显示的白色地块为玩家本回合能达到的位置\n玩家实际移动路径与光标移动路径无关\n移动阶段所保留的行动力可用于本回合行动阶段,关于移动的规则2：\n本游戏中男主攀爬力为3、女主攀爬力为2\n面对相邻、高度不同的地块，玩家一步仅能跨越高度差绝对\n值不大于自身攀爬力的相邻地块\n在跨向更高的地块时需要消耗等同于高度差的行动力\n在跨向更低的地块时，只要能够跨越则均只消耗1行动力,关于移动的规则3：\n角色在移动过程中可以穿过友方所在地块，\n但不能停留在友方所在地块\n若光标停留在该角色本身所在地块\n视为跳过该角色的移动阶段\n即保留全部行动力进入行动阶段,,,,,,,,,,,,,,,,,,,,,,,,,,,,,,,,,,,,,,,,,,,,,,,,
Man02,1,0,0,0,0,0,0,,,,,,,,,,,,,,,,,,,,,,,,,,,,,,,,,,,,,,,,,,,,,,,,,
Woman02,1,0,0,0,0,0,0,,,,,,,,,,,,,,,,,,,,,,,,,,,,,,,,,,,,,,,,,,,,,,,,,
God02,1,二.行动阶段：\n玩家需使用鼠标点击屏幕下方的按钮决定行动方式\n大体分为：攻击、特殊技能、防御、返回、结束\n除返回键外，选择其他的行动都会结束对应角色的回合\n即选择行动后本回合不可以再移动,攻击：\n即普通攻击，通常攻击距离为1\n在选中该按钮后，依然需要使用键盘WASD键控制光标移动\n与移动同理，将光标移动到想要选择的目标后按下\nSpace空格键确定选择位置\n普通攻击所能选择的合法目标为敌方Npc,防御：\n使用后直到对应角色的下个回合开始时，提高角色自身的\n防御值、格挡率\n返回：\n玩家行动阶段时可随时通过该按钮回到该角色的移动阶段\n结束：\n结束该角色的行动阶段，进入下一个角色的回合,男主技能系统：\n男主的技能系统分为三个部分：元素魔法、空间魔法、邪能\n每一类元素魔法分为两个技能，其中单体魔法需要选定敌方\nNpc，群体魔法则无限制\n将鼠标移动到对应技能按钮即可得到对应技能信息,空间魔法：\n本游戏男主空间魔法共有两个：转移和干涉\n注意：空间魔法一般需要消耗男主的全部行动力\n若要使用该类技能，移动阶段需要停留在原地,邪能：\n本游戏男主的邪能技能共有两个，该系列技能的伤害、恢复\n效率会基于战斗开始时男主的侵蚀度得到加成\n特别注意：\n使用邪能系列技能不消耗魔法值，但会增加男主的侵蚀度\n当男主侵蚀度达到100时游戏就会失败\n侵蚀度会在菜单界面显示，请玩家慎重使用该系列技能,,,,,,,,,,,,,,,,,,,,,,,,,,,,,,,,,,,,,,,,,,,,,,,,,
Man03,1,5喂，别又一个人冲过头了;骑士打起架来都是这样么...,0,5应该是她自己的问题,0,,,,,,,,,,,,,,,,,,,,,,,,,,,,,,,,,,,,,,,,,,,,,,,,,,,
Woman03,1,0,快跟上！,0,0,,,,,,,,,,,,,,,,,,,,,,,,,,,,,,,,,,,,,,,,,,,,,,,,,,,
God03,1,0,0,0,本关目标：打倒哥布林,,,,,,,,,,,,,,,,,,,,,,,,,,,,,,,,,,,,,,,,,,,,,,,,,,,
Man09,1,5嘁，真是浪费时间;赶紧赶路吧，争取在天黑前赶到下一个村子,0,喂，说好的换着来呢,0,5这种程度还能累到骑士团长大人？,0,？,0,？？？,5差不多得了;骑士“大人”还是好好休息吧,0,0,4...混蛋,0,0,0,0,0,喂，醒醒，到了！,0,5那下次你驾,0,3等等，先别吵,0,这附近，有微弱的邪能气息,0,5哼，突然想起一些不好的回忆,0,5二话不说就砍过来了...,0,...嗯...难以反驳,0,5... ...,0,...嗯,,,,,,,,,,,,,,,,,,,,
Woman09,1,0,5啊，好累好累;艾珀你不介意再驾会儿车吧,0,5打完架比想象中累呢,0,5战斗中明明把我当肉盾用呢,0,5躲在后面甩魔法真是轻松呢,0,0,1G嘿，承蒙照顾啦,3还有，已经退役了，别那么叫我,0,0,0,0,0,0,0,...嗯...嗯？终于到了，好慢啊,0,那下次再说,0,？,0,3果然是这里，终于追上了,0,5咱俩相遇时的事？,0,... ...抱歉...;但是没有我的话;谁知道你现在已经被邪能侵蚀成什么样了,0,言归正传;虽然我姑且是休息好了;但你不要紧嘛,0,... ...;先休息休息吧，做好万全准备再行动;这次不会放跑他了,0,,,,,,,,,,,,,,,,,,,,
God09,1,0,0,0,0,0,0,0,0,0,0,0,0,0,一段插曲过后,蓝袍男子和银发骑士驾驶的马车再次奔跑在旷野之上,... ... ...,... ...,...,0,0,0,0,0,0,0,0,0,0,0,0,0,0,0,0,0,,,,,,,,,,,,,,,,,,,,
Man10,1,这里的气息很浓，那个术师肯定就在这里;与我相同的力量吗，他究竟会知道些什么呢,0,0,0,0,4什么人！,0,4什么？,0,5（这挥剑也太快了！而且为什么力度还能这么足;要想办法反击！）,0,0,4（得手了！这样应该会让你失去平衡）,0,4（去死吧）,0,3（不好！！！）,0,0,0,0,0,5（千钧一发...左臂伤势不轻;但这是什么，是剑术吗;怎么有人会在那种姿势下发起进攻）,（如此惊人的灵巧度和判断力;究竟是...）,0,4（居然知道空间魔法！到底是......难道是追兵？）,5什么拉...拉不拉多家族，鬼扯什么呢;事先说好，我不属于这里,5只是这里散发出的能量;与我身上一种不知名的力量极度相似;所以才来这里探索,想必，你的目标不是我;井水不犯河水，不如就此别过,0,0,0,0,5（试探？若不是及时用魔法转移;刚才一定会被毫不犹豫地斩杀）,0,4（邪能？！）,5...;你会信任突然向你砍来的不明人士吗,0,0,5（似乎是那种传统的老好人么;如果真想置我于死地的话;或许不会跟我说这么多;暂且相信她吧，只是仍得留心戒备）,叫我艾珀就好;真要问，我倒是有一点很好奇;获得邪能的条件，是什么？,0,5哼，也就嘴上说的好听;那就别嗦了，抓紧动身;也许这片地牢的主人会告诉我们答案,0,0,0,,,,,,,,,
Woman10,1,0,0,0,0,0,0,0,0,0,0,0,0,0,0,0,0,0,0,0,0,0,0,0,0,拉德家族销声匿迹已有十年之久;没想到今天还能有幸见识空间魔法,0,0,0,0,0,5（地牢之主...果然不是他;那个下三滥的术师，不可能会有如此剑术）,5（能使出空间魔法只有拉德家族的人;为什么会不承认呢...）,方才抱歉，只是想试探下阁下;,0,5阁下刚提到不知名的力量？;如果是跟这座地牢满溢的气息相近...;那种力量在帝国有所记载，称为邪能;既然你我目标一致，不如暂且合作,0,0,我是海洛・薇丝，叫我海洛就好;我在军队待过一段时间，有幸读过不少邪能的资料,5只知道，倘若过度使用这份力量;很有可能会迷失自我;方才多有得罪，若不介意，我愿意为您解答疑惑,0,0,...;...不知道,0,0,唔...嗯，等...;算了，走就走吧,0,,,,,,,,,
God10,1,0,艾珀一个人悄无声息地在遗迹里前进\n或许是他习惯了黑暗\n或许是他融入了黑暗;他看起来，就像是这里的主人\n仅凭气息上，他似乎就是这里的主人\n正因如此...,――唰！――;;――锵！――,像是黑夜中突然闪出的黎明;顷刻间，带有微光的剑刃砍向了艾珀,对于独自流浪生活十年之久的艾珀;这种偷袭，他经历太多了;看到剑光的瞬间;艾珀立刻拔剑挡下那突如其来的一击,0,话音未落，在艾珀弹开剑的瞬间;剑刃再次携着微光从另一个角度袭来;砰！,0,凭着本能，艾珀勉强挡住了第二剑;无暇喘息，如同刚才，对方紧接着挥出了下一剑,0,面对袭来的第三次斩击;感到迫近死亡的艾珀，迅速预测出剑刃的轨迹;并在提剑招架的同时为剑刃附着风魔力,砰！;剑戟声响起;艾珀立即卸力，利用风魔力滑开了袭来的剑刃,0,艾珀抓住机会立马挥剑向对方斩去,0,但在下一个瞬间，出现在艾珀视线中的;并非预想般的鲜血;而是从斜下方再次向自己头部袭来的剑光,0,千钧一发之际，艾珀用挥手护向头部;同时手指上魔戒发出光芒,... ...,剑刃还没来得及完全撕裂艾珀的手臂;而对方先一步消失,此刻，寄宿于魔戒中的;拉德家族代代相传的空间魔法发动,艾珀本不想就此暴露自己的身份;但若不这么做，接下来只需要一秒;对方就足以斩杀自己了,0,0,0,0,0,0,0,艾珀试图用语言拖住对方，同时运转自身魔力;以及那股与地牢气息相同的黑暗之力;来恢复左臂的伤势,0,0,0,0,0,0,0,0,0,0,0,0,0,左臂伤势基本恢复;艾珀“从容”地向地牢深处走去;眼神不停瞟向海洛持剑的手臂,0,二人保持着一定距离，互相警戒着向深处走去,,,,,,,,,
Man20,1,0,4呜... ...;海洛！,0,0,0,5呃...没事;不过，为什么你会在我的房间;说到底，我这是睡到哪了,0,5少自吹自擂了，这还不是拜你所赐,0,1这还差不多;总之，很累了，快睡觉吧;明天可能还有一场恶战,0,（刚刚，那到底是什么声音;很熟悉，但却完全分辨不出来是谁;甚至连男女都分辨不出来）,（是海洛？是弟弟？还是父母...;是在我身上纠缠的梦魇，还是说预示着什么呢...）,0,海洛，准备好了吗,0,5这股气息还很微弱;一般人察觉不到异常;除非是...,0,没错，对我而言;他的气息已经足够强烈了,我能感受到...;那个术士应该在村子的西北方向,0,我有留心收敛气息，对他来说，\n不过是奔腾的河流中滴入了一滴水的程度\n毕竟，他被邪能侵蚀的程度远大于我,0,5你当时可把他伤的不轻\n身体越是虚弱，就越容易被侵蚀\n自然没法很好地掌控这股力量,0,0,在你帮助我意识到邪能的存在后\n我就在不停解读它并练习掌握它,在这个过程中我发现\n邪能的本质与魔力并没有太大的差别\n跟学习一门新魔法一样，这并不难,而我已经了解到的这些规律\n虽然可能没有足够的证据证明可靠性,但是作为这股力量的持有者\n我会自然而然的认可这些猜想,仿佛我就是邪能真正的主人一样\n而说到邪能和魔法的区别......,0,0,......魔法会消耗魔力，\n但我却感受不到邪能会消耗什么\n甚至可能是越用越多的那种，我猜测......,0,......简单概括的话就是这些，你怎么想的,0,0,5哼...,0,嗯，一旦足够接近他\n就一定会引起他的注意,3所以一旦出发，我们最好就别停下了\n直奔目标吧,0,0,0,哈...哈...呼...;累点？边冲刺边处理杂鱼\n我都感觉快要吐了,0,可...可恶......不过\n到这里就不用这么急了，他的气息已经很近了\n他不可能逃得掉,0,分头行动，堵死出路\n有情况随时呼唤我\n碰到那个术士我就用传送...,0,（...所以说这个女人...\n不担心自己会有危险吗）,,,
Woman20,1,0,0,0,0,5怎么了？,0,旅店，而且还只剩一个房间了;你一进门倒头就睡，行李没收拾衣服都没换;不过... ...没忍心叫醒你,0,明明是你缺乏锻炼...;...呜...;...下次坐马车让你多休息一次,0,1嗯，晚安,0,0,0,0,当然;我们尽快出发吧;看上去邪能还没有对当地人产生太大的影响,0,5同样拥有邪能的人？,0,0,5但是...;照你这么说，在我们踏入村子的同时;他应该也感受到你的存在了吧,0,所以说，他没办法像你一样收敛气息？,0,这种程度的设定倒也还能接受,5但我不理解，为什么我们初次见面时\n你明明一点都不了解你身上的邪能\n可是现在反而说出这么多我都没有查阅到\n的信息,0,0,0,0,0,5（呜哇......;一说到魔法什么的\n这个人就变得唠唠叨叨的）,5（明明平时一个字都不想多说\n还说什么学一门魔法不难...）,0,（呃......停不下来了）,0,哎？什么......\n别跟我提魔法啦,5就连剑附魔这种简单魔法我都是花了好久才学会\n哪懂你说的那些理论...,0,5总之总之，赶紧行动吧,0,0,3好，速战速决！,0,呼哧;比想象中要累点呢,0,所以说你缺乏锻炼啊\n真应该让你体验下军队里的生活呢,0,前面有两条路,0,好嘞，遇到危险就传来我这边吧,0,,,
God20,1,“喂......艾珀..........\n.........快来...............;.................救我.......”,0,奔波劳累一天，好不容易躺在床上开始休息的艾珀\n被一阵熟悉的声音唤醒,艾珀睁眼，迅速观察周围，寻找海洛的身影;不像想象中的样子，海洛正安然坐在另一张床上,0,0,0,0,0,0,0,0,0,次日,0,0,0,0,0,0,0,0,0,0,0,0,0,0,0,0,0,0,0,0,0,0,0,0,0,0,0,0,0,... ... ...;... ...;...,0,0,0,0,0,0,0,0,,,
Man21,1,如此安静...;不知道海洛那边什么情况,先往内部深入吧,等等，房间中间那股气息;果然又藏起来了；尽快击破祭坛四周的媒介吧,0,0,,,,,,,,,,,,,,,,,,,,,,,,,,,,,,,,,,,,,,,,,,,,,,,,,,
Woman21,1,0,0,0,0,0,,,,,,,,,,,,,,,,,,,,,,,,,,,,,,,,,,,,,,,,,,,,,,,,,,
God21,1,0,0,0,请深入遗迹，用普通攻击破坏四处媒介;在媒介被破坏前，遗迹内会不断生成幽灵;在被阻挡难以接近媒介时\n请善加使用空间魔法“转移”,另：本关镜头为俯视,,,,,,,,,,,,,,,,,,,,,,,,,,,,,,,,,,,,,,,,,,,,,,,,,,
Man22,1,0,现身吧，邪祟,0,0,已经神志不清了吗;这样也问不出什么东西了,0,？,0,0,什么？！,你到底还知道什么！,0,0,0,可恶，完全没法沟通,0,嗯！,0,,,,,,,,,,,,,,,,,,,,,,,,,,,,,,,,,,,,,
Woman22,1,好，这样一来就破坏全部媒介了,0,0,0,0,0,0,0,拉德？！,0,0,艾珀？,0,0,0,艾珀！先打倒他,0,0,,,,,,,,,,,,,,,,,,,,,,,,,,,,,,,,,,,,,
God22,1,0,0,随着祭坛媒介的破坏;藏匿于邪能中的邪术师逐渐现出身形,“呜...破...坏;...毁...灭...”,0,"""...弗..尔...""",0,“..拉...德..”,0,0,0,0,“...破...坏...”,喃喃自语的邪术师的手中闪出黑光,0,0,0,目标：击败邪术师,,,,,,,,,,,,,,,,,,,,,,,,,,,,,,,,,,,,,
Man29,1,0,0,0,这感觉是...;海洛！先离开这儿,（好像来不及了..;直接用空间魔法！）,0,0,0,0,0,很累就是了...;...我感受到体内的邪能在暴动,..仿佛在受他召唤;就在刚才，遗迹那里的邪能气息更重了;多半是...自爆吧,0,邪能的气息太重了;即使是你也会被邪能侵蚀;我去看看,0,够用传送逃跑了..,0,！;你...,（小声）...多在乎自己一点啊,0,没什么，先进去吧;感到不适的话我们立马就走,0,0,0,不，不是;我确实叫艾珀;艾珀・拉德...,抱歉，向你隐瞒了姓氏,0,弗尔是我的弟弟;奇怪的是，在我记忆中;他和我父母都死于十年前...,0,0,0,你可真博学啊;高层对此闭口不谈？;本来我确信正是他们下的毒手,0,刚才邪术师喊出了弗尔;我想不到他能和我弟弟有什么联系;要么弗尔还活着...,0,没错，理性来讲确实如此;但在我的记忆中;我的家人都死于帝国军人之手,但是联系到我这不知来源的邪能;这件事出现了新的线索;我终于离苦苦追寻的结果近了一步,在记忆有所缺失的基础上;不得不承认;我的记忆也有被篡改过的可能性,0,怎么了？,0,...我不会迁怒于你;正如你所说;我没有完全被邪能侵蚀也多亏了你,0,我要回一趟祖宅;在那里，说不定我能找回记忆...;...或者找到新的线索,弗尔...;虽然我已经忘了他的样子;但是...他要是还活着...就好...,你呢？;这个事件姑且告一段落了;你又有什么打算...,0,哈？;原来你这么闲吗;还是另有所图,0,0,哈哈哈;我还怕骑士大人嫌弃我呢,0,嗯，明天启程,,
Woman29,1,0,0,0,0,0,等,0,0,0,...以前可没见过你同时传送两个人;发生了什么？,0,0,回去确认一下吗,0,你一个人能行吗,0,我要跟你一起进去,0,0,？;没听清;你说什么？,0,0,0,是叫那个吗;弗尔...拉德？;这是你的真名？,0,0,没事哦;（反正也没隐瞒住）,0,什么？！;当年的真相竟是这样吗...;,据记录\n拉德家族成员于距今十年前的某天全部失踪;内部猜测是有其他任务暂时离开...,国家高层则对这件事闭口不谈;到底是什么事故...,0,什...;...本来？,0,要么这后面另有幕后黑手？,0,0,0,...;...抱歉,0,也许我不该追问;原来你有这样的过去...,0,...;..接下来，你会怎么做,0,0,0,继续跟你一起,0,我们所要探寻真相；很可能是同一件事,...只要你还没嫌弃我,0,既然目前互不嫌弃;那就再互相打扰一段时间吧,0,,
God29,1,“...弗..尔...;..拉...德..”,“我....恨...”,邪术师的声音越来越小;面目逐渐狰狞,0,0,0,二人的身影瞬间消失;只留邪术师还在低语,数秒之后，遗迹归于寂静;邪术师的身体爆裂开，体内邪能迸裂而出;整个遗迹充满了不祥的气息,与此同时，刚才还在战斗的二人现身于村庄...,0,0,0,0,0,0,0,0,0,0,0,0,二人再度进入遗迹，没有发现邪术师的踪影...;...或者遗骸,很快，二人离开了这个只有邪能的地方,0,0,0,0,0,0,0,0,0,0,0,0,0,0,0,0,0,0,0,0,0,0,0,0,0,0,0,0,0,0,,
Man30,1,0,怎么了？,0,走大路，坐马车的话;大概需要两三个月,0,那就得给你讲讲我这十年的故事了;太长了，有空慢慢再说吧;,0,也可以走另外一条比较危险的路;要经过雪地和火山;但是这样一个月之内就能到达,0,...,0,（这些地方我都去过\n多半没什么跟邪能有关的线索\n但是...）,知道你闲不住...;不过可不要大意;运气不好会遇到一些传说中的魔物,很危险,0,行;那就在启程前先准备好保暖衣物吧,0,G..什么;我们直接穿过雪山区域;不准备保好暖衣物会...,0,显然不够,(雪山...;雪魁吗，希望不要遇到啊),0,,,,,,,,,,,,,,,,,,,,,,,,,,,,,,,,,
Woman30,1,艾珀，有件很严肃的事要跟你讨论;,0,去你祖宅的路有多远,0,为什么这么远啊？！,0,呜，坐马车两三个月...;好折磨啊,0,就走这条路吧,0,说不定会有其他线索在这里呢,0,0,0,那也比在马车上干坐着爽快多了,0,G？,0,哦，知道了...;光凭热血果然不够吗,0,0,0,,,,,,,,,,,,,,,,,,,,,,,,,,,,,,,,,
God30,1,0,0,0,0,0,0,0,0,0,0,0,0,0,0,0,0,0,0,0,0,0,下一关卡不推荐携带冰魔戒,,,,,,,,,,,,,,,,,,,,,,,,,,,,,,,,,
Man40,1,0,都说了这条路不好走...;现在后悔还来得及,0,（这人有这么讨厌坐车吗...）,接下来会更冷哦,0,喂喂，火魔法可不是取暖的程度;别作死了,0,0,0,认真的？\n还是赶紧穿过这片区域吧;多一事不如少一事...,...等等\n...这是...,怎么可能会有邪能的气息！,0,0,乌鸦嘴！;不只是邪能...,0,是雪怪\n而且身上或多或少都有邪能,（没有感受到雪魁的气息...\n...真是万幸）,海洛！\n速战速决，别在它们身上浪费太多时间！,0,呃...,...真看得开...,,,,,,,,,,,,,,,,,,,,,,,,,,,,,,,,
Woman40,1,哇啊啊啊;真的冷G,0,不会后悔的;冻成冰雕也绝对比坐车好,0,0,你戴上火魔戒能生火取暖吗,0,可...可恶,0,要是来点战斗热热身就好了,0,0,0,都已经蔓延到这种地方了吗\n没记错的话，野生的魔物很容易被邪能侵蚀变得暴躁,0,0,这是什么声音...,0,0,0,好嘞，这样应该就没那么冷了,0,0,,,,,,,,,,,,,,,,,,,,,,,,,,,,,,,,
God40,1,0,0,0,0,0,0,0,0,马车无法穿越雪山区域\n同行的二人徒步在雪地中穿梭\n任凭寒风呼啸而过,0,0,0,0,0,“--嘶------\n------呜-----”,0,0,0,0,0,0,0,0,,,,,,,,,,,,,,,,,,,,,,,,,,,,,,,,
Man41,1,这些怪物都不会被附着冰元素;很麻烦...;而且数量好多;可恶,0,来了！,0,,,,,,,,,,,,,,,,,,,,,,,,,,,,,,,,,,,,,,,,,,,,,,,,,,,
Woman41,1,0,上了！\n掩护我，艾珀,0,0,,,,,,,,,,,,,,,,,,,,,,,,,,,,,,,,,,,,,,,,,,,,,,,,,,,
God41,1,0,0,0,目标：击杀一定数量雪怪或坚持一定回合,,,,,,,,,,,,,,,,,,,,,,,,,,,,,,,,,,,,,,,,,,,,,,,,,,,
Man42,1,可恶，雪怪越来越多了\n海洛！找机会逃跑,0,0,0,雪怪们逃走了,但是...\n这个气息是,雪魁！,0,真是“走运”\n在雪地里，靠我的传送也逃脱不了雪魁的追捕,0,0,（海洛和我消耗都不小\n必要时得依赖邪能作战了）,（等等，之前感受到的邪能气息\n就是雪魁身上的吗）,（可恶，怎么什么都能跟邪能扯上关系）,0,海洛...实在撑不住交给我\n注意保护好自己！,0,0,,,,,,,,,,,,,,,,,,,,,,,,,,,,,,,,,,,,,
Woman42,1,0,嗯，敌人越打越多了,0,...什么声音,0,0,0,传说中的雪山魔物？,0,那就...\n直接迎战！,多亏了它，雪怪们已经不见踪影了,0,0,0,它冲过来了！,0,0,0,,,,,,,,,,,,,,,,,,,,,,,,,,,,,,,,,,,,,
God42,1,0,0,“--嘶------\n------呜-----”,0,0,0,0,0,0,0,0,0,0,0,0,0,雪魁属性极高，并且会对被附着冰元素的\n我方单位造成额外伤害\n建议合理运用附带晕眩的技能以及男女主\n不同的防御机制应对\n（女主防御吸引攻击、男主防御则相反）,目标：打倒雪魁,,,,,,,,,,,,,,,,,,,,,,,,,,,,,,,,,,,,,
Man49,1,0,4（可恶，这样消耗下去不是办法）,0,0,0,3不好！,0,0,0,0,5海洛，你...,0,0,0,0,5...,0,5...,0,5...\n...对不起..,0,0,0,0,0,4！,0,0,3海洛！,0,0,0,5别乱动，安心躺着,0,1...安全的地方\n...没有风雪的地方,0,1...\n被你打败了,0,0,0,5...\n我的失误,下次不会了\n...还有,1多谢,0,0,1你也是,,,,,,,,,
Woman49,1,0,0,0,3！,0,0,0,0,0,3咳...;自作主张...,0,3...等会再找你算账,现在...,4先来解决这头野兽,0,0,0,0,3...喂...\n...怎么不来帮忙..,0,0,0,0,1...咳...\n...别发呆了...,0,0,0,0,0,0,0,...咳...,0,2...嗯\n...这是哪,0,5诶诶，走出雪原了？\n等等，雪魁呢？,0,2啊哈哈...\n有点不记得了,5G？,3想起来了！\n你个混蛋自己贸然行动;...咳！,0,0,0,3哼...,1...\n你没事就好,0,,,,,,,,,
God49,1,眼看海洛在与雪魁的缠斗中\n伤势逐渐增重;,0,艾珀运转体内邪能\n当邪能之力充溢掌中\n艾珀绕到雪魁后方向它发起冲刺,0,长时间的战斗让艾珀不再像平时一样冷静\n此时的他没有想到\n本就被邪能缠身的雪魁，在感知到艾珀和他\n的邪能靠近时，立马转头向艾珀袭来,0,面对速度极快的雪魁\n艾珀来不及招架,“唰”,艾珀心跳极快\n手中邪能消散\n他似乎听得到血液滴落的声音;但身上缺没有传来预想中的疼痛感,0,0,0,0,0,虽然相处已有一些时日\n但艾珀还是第一次见海洛受如此重伤;也是第一次见她露出如此表情,0,艾珀楞在原地，没有采取任何行动\n只是看着近似发狂的海洛继续与雪魁厮杀;直到亦是强弩之末的雪魁倒下,0,0,0,艾珀从不认为自己软弱\n他只是暂时失神,他脑海中只剩海洛以超过雪魁的速度飞速冲向\n自己面前的画面;即使海洛足够快到护住自己\n她也没法快到做好招架姿势\n――雪魁的利爪在海洛身上划出很长的伤痕,失神的艾珀还在回忆\n十年的流浪教会了艾珀防备他人\n信任对于他来说是早已被遗忘的词;他在思考\n如何不信任舍命救他之人,0,女子展露出笑容不久\n再没有力气足以支撑她继续站立,0,随着海洛倒地，艾珀的意识才恢复过来;不止是意识，艾珀的心中重燃了一股躁动...,...一种早已被自己舍弃的情感,0,... ... ...\n... ...\n...,... ... ...\n... ...\n...,0,0,0,0,0,0,0,0,0,0,0,0,0,0,0,,,,,,,,,
Man50,1,0,5姑且刚养好伤就急着出发吗,0,0,朝着火山前进\n在到达火山之前会经过一处峡谷,0,没什么特别之处\n非要说的话...\n那里打雷的频率较其他地方较高,可能跟栖息在那里的雷电小鬼有关系\n但也有说法是雷电小鬼因为那里经常打雷\n才栖息在那,不过终归是很弱的魔物罢了\n即使遇到也不会有太大麻烦,0,5？,总之，相对雪地和火山\n那里环境没那么恶劣,0,嗯,0,,,,,,,,,,,,,,,,,,,,,,,,,,,,,,,,,,,,,,,,
Woman50,1,准备出发吧,0,1不要紧不要紧,接下来往哪里走,0,5峡谷？\n有什么特别之处吗,0,0,0,5感觉又在立flag了呢,0,0,等做好准备就出发吧,0,0,,,,,,,,,,,,,,,,,,,,,,,,,,,,,,,,,,,,,,,,
God50,1,0,0,0,0,0,0,0,0,0,0,0,0,0,0,下一关卡不推荐携带雷魔戒,,,,,,,,,,,,,,,,,,,,,,,,,,,,,,,,,,,,,,,,
Man60,1,前面就是那个峡谷了,0,+,1对你来说的话\n解解闷？,0,0,不用怕，就算很不幸被劈中了\n可能也没我的雷击魔法破坏力强,0,是的\n这种场合下，雷魔法效果有限,0,3虽然我觉得你正常挥剑那些魔物就受不住了\n带不带雷电附着区别不大,0,,,,,,,,,,,,,,,,,,,,,,,,,,,,,,,,,,,,,,,,,,,
Woman60,1,0,5呜哇\n电闪雷鸣的,0,0,5...,话说，不用做什么避雷措施吗,0,换言之，对于栖息在这里的魔物来说\n你的雷魔法效果也不一定好？,0,5那我的雷电附着也同理咯？,0,5...,,,,,,,,,,,,,,,,,,,,,,,,,,,,,,,,,,,,,,,,,,,
God60,1,0,0,0,0,0,0,0,0,0,0,0,0,,,,,,,,,,,,,,,,,,,,,,,,,,,,,,,,,,,,,,,,,,,
Man61,1,0,后面还有两个小鬼,0,（但这个地形...）,我们最好有所保留,0,就算不是战术\n只是吸引了两边山崖上的魔物也会很麻烦,那些小鬼跟哥布林和雪怪不一样\n他们会远程攻击\n出现在山崖上会很麻烦,1见到小鬼，我会优先用法术解决它们,0,0,0,,,,,,,,,,,,,,,,,,,,,,,,,,,,,,,,,,,,,,,,,,,
Woman61,1,3前面那是...哥布林？,0,5这种程度的话，连热身都算不上吧,0,0,担心会被伏击吗\n这些连智慧都不具备的魔物\n能想出这种战术吗,0,0,0,1那就麻烦你远程掩护了,3出击！,0,,,,,,,,,,,,,,,,,,,,,,,,,,,,,,,,,,,,,,,,,,,
God61,1,0,0,0,0,0,0,0,0,0,0,0,目标：打倒魔物,,,,,,,,,,,,,,,,,,,,,,,,,,,,,,,,,,,,,,,,,,,
Man62,1,那个是...兽人吗,0,等等，山崖边上是...\n果然引来小鬼了,（小鬼和兽人的机动力都很差\n要么迅速击杀兽人离开\n要么先用法术清理掉小鬼),（我应该...）,0,0,0,,,,,,,,,,,,,,,,,,,,,,,,,,,,,,,,,,,,,,,,,,,,,,,
Woman62,1,0,兽人而已，我跟它们战斗过很多次了\n相比雪魁还差得远,0,0,0,0,0,0,,,,,,,,,,,,,,,,,,,,,,,,,,,,,,,,,,,,,,,,,,,,,,,
God62,1,0,0,0,0,0,艾珀看向海洛，心中得出了自己的答案,,目标：击败兽人,,,,,,,,,,,,,,,,,,,,,,,,,,,,,,,,,,,,,,,,,,,,,,,
Man69,1,1不算很难,0,3我可不想再看到你为我受伤了,0,...,0,0,0,0,0,0,0,0,...\n走吧;前面说不定还有魔物,0,,,,,,,,,,,,,,,,,,,,,,,,,,,,,,,,,,,,,,,,
Woman69,1,0,5还好你这次没擅自行动啦,0,5...;还算有良心,0,0,0,0,0,0,0,0,0,0,5习以为常了...,,,,,,,,,,,,,,,,,,,,,,,,,,,,,,,,,,,,,,,,
God69,1,0,0,0,0,0,艾珀再一次陷入思考\n思考着这趟旅途的目的,是追查邪能的来源\n还是追寻当年的真相;但那之后呢？,即使寻得了过去的真相\n自己未来的路又通向何方呢,他早已抛弃所谓梦想\n直到不久前自己行动的目的也就只有\n所谓过去的真相,即使是现在，他对当一名英雄\n也不像儿时那样向往;他不屑于拯救与他毫不相干之人,也正是现在\n他意识到有他想要保护的存在,愧疚？\n或者仅仅是想要报恩吗？,他还没有得出答案,0,0,,,,,,,,,,,,,,,,,,,,,,,,,,,,,,,,,,,,,,,,
Man70,1,0,...\n猜猜我那几个魔戒是从哪里得到的？,5这十年来我算是游荡过各处吧\n现在想想能活到现在真是奇迹,0,5如今总算离我所追寻的真相近了一步,或许，只差前面那座火山了,0,0,0,3没听说过这种事\n黑龙也是,这里大概只是因为地形\n行路不便,0,"在进入火山区域之前应该还有一处村庄,我们去那里补给吧",0,,,,,,,,,,,,,,,,,,,,,,,,,,,,,,,,,,,,,,,,,
Woman70,1,5真是神奇的峡谷;你是怎么知道这条路的\n一路上都是各种奇景,0,0,1也算一种历练\n很厉害了,0,0,这处火山我有所听说\n有人见过黑龙盘踞在此,曾经帝国派过队伍讨伐\n但却并没有找到黑龙,而且黑龙也并没有过袭击他人的记录\n后来也就不了了之了,0,0,...,0,嗯,,,,,,,,,,,,,,,,,,,,,,,,,,,,,,,,,,,,,,,,,
God70,1,0,0,0,0,0,0,0,0,0,0,0,0,0,0,,,,,,,,,,,,,,,,,,,,,,,,,,,,,,,,,,,,,,,,,
Man80,1,0,3...确实.\n..应该是这里,0,0,0,？,0,0,3（怎么可能放着你一个人不管）,我已经熬了十年,1不缺这一会儿时间,0,0,越是靠近深处，就越是有种熟悉的感觉..,0,邪能会试图占据生物的意识\n展现它的破坏欲,回想起来，当时走出雪山的时候\n一旦自身意志不够强烈\n很可能自己的本质都会变成邪能,这或许是一种有知性的能量体\n知性较低的生物很容易便被侵蚀\n被邪能所奴役,也就是说，看上去是龙\n实则它的本质就是只知道破坏的邪能罢了,0,0,1或许曾经会;但现在，对于我自己\n我已经有能胜过它的执念了,0,（或许不是）,1或许吧,,,,,,,,,,,,,,,,,,,,,,,,,,,,,,
Woman80,1,3这里是...\n..你说的村庄吗,0,0,0,3不介意..\n绕点远路吧,0,我想深入火山一趟\n如果你不想多管闲事的话...,我就自己去了\n...;之后会追上你的,0,0,0,1...谢谢,0,0,3邪能吗\n龙种也会被侵蚀而作恶..,0,0,0,0,...\n真是可怕,1但愿你不会变成那样,0,当年的真相..吗,0,0,,,,,,,,,,,,,,,,,,,,,,,,,,,,,,
God80,1,0,0,二人面前所谓的村庄\n不过是一片被焚尽的废墟,徒留石壁\n和化作焦炭的种种,0,0,0,0,0,0,0,0,......\n...,0,0,0,0,0,0,0,0,0,0,0,0,,,,,,,,,,,,,,,,,,,,,,,,,,,,,,
Man81,1,这里就是最深处了,0,0,0,0,海洛...\n别让愤怒战胜理智,0,0,,,,,,,,,,,,,,,,,,,,,,,,,,,,,,,,,,,,,,,,,,,,,,,
Woman81,1,0,果然存在...\n栖息在火山的黑龙,被侵蚀了知性的可悲生灵,既然你会为他人带来灾厄,3那就只能讨伐你了！,0,嗯,0,,,,,,,,,,,,,,,,,,,,,,,,,,,,,,,,,,,,,,,,,,,,,,,
God81,1,0,0,0,0,0,0,0,目标：击败黑龙,,,,,,,,,,,,,,,,,,,,,,,,,,,,,,,,,,,,,,,,,,,,,,,
Man82,1,0,我用魔法来解决\n这次你来掩护我,0,（这些石像承受不住我的魔法，\n用群体法术快速清理吧）,（或者用“转移”技能绕过他们？）,,,,,,,,,,,,,,,,,,,,,,,,,,,,,,,,,,,,,,,,,,,,,,,,,,
Woman82,1,3这些石像！\n不像是用剑能砍动的样子,0,3知道了，我来吸引他们攻击,0,0,,,,,,,,,,,,,,,,,,,,,,,,,,,,,,,,,,,,,,,,,,,,,,,,,,
God82,1,0,0,0,0,0,,,,,,,,,,,,,,,,,,,,,,,,,,,,,,,,,,,,,,,,,,,,,,,,,,
Man89,1,0,3早就想说了\n这样打起架来不要命很危险啊,0,0,3(保护他人...吗),我想我做不到你那样的崇高,0,0,5..是...吗\n也许吧,4（不，海洛\n普通人民可不配承受你那崇高的善意）,4（我见过人们彼此背叛\n面对生存或是利益\n人们可以释放出你想象不到的恶意）,4（这个世界、这个社会...\n..人类，远不如你想象中美好\n你的崇高，能被多少人认可）,4（并非源于职责\n你发自内心的善良又能被多少人理解呢）,（我敬佩你，不只因为你救过我一次两次\n我由衷地希望你不会被理想背叛）,3...总之，离开这里吧,0,,,,,,,,,,,,,,,,,,,,,,,,,,,,,,,,,,,,,,,
Woman89,1,3...,0,正如你有你的执念\n我的执念就是保护普通人民,2这是支撑我走到今天的动力,0,0,1但你还是跟我一起过来了,或许像你说的\n你放弃了儿时的梦想\n但我相信你的内心深处不会只在乎自己的,0,0,0,0,0,0,0,5..嗯\n这里实在太热了,,,,,,,,,,,,,,,,,,,,,,,,,,,,,,,,,,,,,,,
God89,1,0,0,0,0,0,0,0,0,0,0,0,0,0,0,0,0,,,,,,,,,,,,,,,,,,,,,,,,,,,,,,,,,,,,,,,
Man90,1,终于...\n该面对过去了,我不知道自己是否有面对真相的勇气,0,0,3...走吧,0,0,即使离那里还有一段路\n我也已经能够感受到强烈的邪能气息了,3到底发生了什么,0,4...,嗯,0,0,好重的邪能气息\n海洛，你没事吗,0,0,5说不定，是因为你意志坚定\n并且与它的破坏欲不合,0,0,3！,0,3弗尔？,4（完全没有感知到他的气息\n手指上是，另一枚空间魔法的魔戒吗\n原来如此）,0,0,,,,,,,,,,,,,,,,,,,,,,,,,,,,,
Woman90,1,0,0,只是有了线索\n也许我们离真相还很远,1只要前进，就好了吧\n我们一起背负,0,0,0,0,0,无论那里有什么等着我们\n艾珀，不要迷失自我...,0,0,0,0,0,如你所说，它确实能干扰我的思维,5但强度不值一提\n几乎没有什么影响\n只是会感到有些烦躁的程度,0,1呵呵,0,0,3！,0,0,0,0,,,,,,,,,,,,,,,,,,,,,,,,,,,,,
God90,1,0,0,0,0,0,二人离开火山，踏上这段旅途的最后一段路,......\n...,0,0,0,0,0,......\n...,很快，二人进入拉德家祖宅\n迎接他们的，除了浓重的邪能气息\n再无他物...,0,0,0,0,0,“哥哥...\n你终于回来了”,0,0,0,0,面前显得比艾珀更加阴沉的男子\n带着远比艾珀更浓重的邪能气息\n突然出现在二人身后,“好久不见啊...”,,,,,,,,,,,,,,,,,,,,,,,,,,,,,
Man100,1,弗尔？你...,0,0,0,0,弗尔，还留有意识吗,0,4你身上的邪能是\n怎么回事,0,0,0,4什？,0,0,5不...\n这不可能,0,0,0,0,3...\n我..我不知道,0,0,0,0,0,3...,0,0,0,0,0,0,（我做过这种事吗\n果然我的记忆被修改过吗...）,4（不...\n有什么地方不对劲）,（他怎么会知道我和海洛的事\n...空间魔法吗？）,4(不，不可能！\n如此强烈的邪能气息可不好隐藏，\n只要靠近我立马就能察觉到),（那么答案是...）,1弗尔，我什么时候..\n...救过海洛？,0,4戴着我族戒指的人...\n你到底是弗尔...还是邪能！,0,0,他身上的邪能气息太重，\n不得不这么怀疑,0,0,0,4海洛，追上去！,0,0,,,,,,
Woman100,1,0,0,0,0,0,0,0,0,0,3？,0,0,...,0,0,0,3在说..什么..\n..艾珀？,0,0,0,0,3不...\n我认识的艾珀不是这样的人,0,3？！,0,0,0,3...,0,0,0,3...,0,0,0,0,0,0,！,0,0,3他...不是弗尔吗,0,0,0,0,0,3走！,0,,,,,,
God100,1,0,艾珀曾经猜想过\n自己的记忆可能并不真实,现如今\n弗尔・拉德的出现更是令他确信了这一猜测,艾珀的思维陷入混乱\n他难以推理出到底发生过什么\n他的注意力集中于弗尔身上\n令他感到恐惧的邪能气息,与此同时，海洛则立刻架剑护在艾珀身前\n警惕着面前不怀善意的存在,0,“当然\n我意识非常清晰\n哥哥――艾珀”,0,“邪能？怎么回事？\n哥哥你在说什么？”,0,“如果你说的是我身上的力量\n难道不是哥哥你赐予我的吗？”,0,0,“我本来很恨你啊哥哥\n杀了我们父母，然后自己逃走\n抛下我一个\n我当时真的没法理解啊哥哥”,0,“但是现在\n我却渐渐能体会哥哥的想法了\n不陷入绝望是没办法很好运用这股力量的吧”,0,海洛的眼神变得犹豫,“哥哥难道选择忘记了这些？\n难道你在做了这一切之后\n还认为自己有权利装作一个‘好人’？”,0,“或者说哥哥只是在骗这位骑士小姐？”,0,“我可没有欺骗你啊\n据我所知，骑士小姐你是想守护他人吧”,0,“那么我有个疑问，一位曾经\n犯下过如此暴行的人\n能得到你的原谅吗\n尽管在你面前他确实算作一个好人？”,0,“还是因为他曾经救过你一命\n你就不忍心下手了？”,0,“呵呵呵哈哈哈哈\n骑士小姐认为现在的自己成为英雄了吗”,“如果没有的话\n现在有个大好的机会\n转身，将你的剑指向我那该死的哥哥”,“杀了这个害拉德家族近乎灭门的凶手！”,0,0,0,0,0,0,0,0,0,“......嘁”,0,0,海洛摆出进攻的姿势\n表情不再迟疑\n盯着自称弗尔的男子准备出手,“哈哈哈哈哈哈，\n随便你们怎么想吧”,下一刻，男子撕开空间遁入其中,0,0,二人紧随其后，在男子撕开的空间门消失前\n踏入其中,,,,,,
Man101,1,0,不知道连接的是哪里\n异空间么...,0,并非实体\n那些看上去像是魔物\n但本质则是邪能虚影,边前进边清理这些邪祟吧,0,,,,,,,,,,,,,,,,,,,,,,,,,,,,,,,,,,,,,,,,,,,,,,,,,
Woman101,1,"5这里是..,",0,前面那些是...一些熟悉的身影,0,0,0,,,,,,,,,,,,,,,,,,,,,,,,,,,,,,,,,,,,,,,,,,,,,,,,,
God101,1,0,0,0,0,0,目标：击败所有敌方,,,,,,,,,,,,,,,,,,,,,,,,,,,,,,,,,,,,,,,,,,,,,,,,,
Man102,1,0,3你究竟是谁！,0,0,3..已经被邪能侵蚀到如此程度了吗,3不..\n现在的弗尔...就是邪能,说到底，真相离我依然很远,0,0,0,0,4好！\n我来想办法把邪能逼出他的体内,0,,,,,,,,,,,,,,,,,,,,,,,,,,,,,,,,,,,,,,,,,,
Woman102,1,3追上他了！,0,0,0,0,0,0,0,0,0,3艾珀，只有先打倒他了！,0,0,,,,,,,,,,,,,,,,,,,,,,,,,,,,,,,,,,,,,,,,,,
God102,1,0,0,“当然是弗尔\n但...也不完全是\n我的记忆更加古早\n我的考量更加深远”,“我早已超脱弗尔・拉德这一人类存在！”,0,0,0,“真相？真相就是你也将回归本质！”,“当你能够使用邪能开始\n你就已经不再是人类\n你已经超脱了低等生物的存在！”,“来与我一起拥抱本源！”,0,0,目标：击败弗尔・拉德(？),,,,,,,,,,,,,,,,,,,,,,,,,,,,,,,,,,,,,,,,,,
Man103,1,0,0,别掉以轻心\n像上次那个邪术师一样\n这股邪能可没那么容易消停下来,0,3...这次还真安静的出奇,0,4？,0,0,0,0,3我的猜测没错！\n邪能是有自我意识的存在！,所谓侵蚀\n不过就是邪能争夺身体控制权的过程,我原以为这只是一股只有破坏欲的物质,事实上他具备知性！,所有邪能都是同源的！\n这正是他知道雪原上发生的事情的原因,你所提到过的邪神确实存在\n邪能正是邪神本源！,0,3伴随着已经成长到如此地步的邪能被抽出..,0,0,0,0,0,0,0,0,4十年！\n原来是你吗,0,0,0,0,0,4可...可恶！,0,0,0,,,,,,,,,,,,,,,,,,
Woman103,1,3哈...,看着吓人\n实际上也没多大本事,0,0,0,0,0,3..什么,0,0,3到底什么情况\n越来越不清楚状况了,0,0,0,0,0,0,那现在...,0,0,0,0,拉德家族曾经封印过不少魔物\n想必它也是其中一个,0,0,0,0,0,0,0,0,0,0,0,艾珀\n迎战吧,0,0,,,,,,,,,,,,,,,,,,
God103,1,0,0,0,“......”,0,“...哥哥...\n...救我...”,0,0,“啊啊...啊啊啊...”,弗尔・拉德伴随着悲鸣倒下\n同时空间开始震颤,0,0,0,0,0,0,0,0,0,“哈哈...哈哈哈哈哈”,“拉德家的小鬼分析的还不错\n基本都没说错”,“不过，曾经吾确实只享受破坏和践踏\n但汝之祖先还教会了吾仇恨”,0,“汝人类创造出吾\n又擅自封印吾\n把吾困在这个空间”,“用汝人类的道德来看\n与母亲抛弃亲生子女有什么区别”,“在这里，吾只能等着妄想利用吾的人类\n等吾力量在汝世界中足够强大\n吾意识才能在汝世界显现”,“距吾本体上一次现界...\n用汝人类计时法的话\n差不多十年左右吧”,0,“吾本想将传承了空间魔法的该死一族\n屠戮殆尽，\n没想到汝父母拼死把吾又带到了这里\n虽然他们早已葬身此处\n但吾却也没法回去”,“不过！\n还好吾留有一手\n在吾被传送前，汝小鬼就已经被我植入了\n吾之力量”,“吾本来挺看好汝\n没想到却是汝弟更胜一筹啊\n等掌控了汝一族的空间魔法\n吾便再也不用待在这个死气沉沉的地方了”,“离同化只差一步！\n汝弟却迫不及待想见你\n害得被汝妨碍\n”,“现在\n等把汝和此女子大卸八块\n再与汝弟同化\n大业将成矣”,0,0,“凭汝二人？\n哈哈哈哈哈哈哈\n真是荒唐至极\n放马过来吧”,目标：？？？,,,,,,,,,,,,,,,,,,
Man104,1,0,3什...,0,（不好\n之前的战斗消耗太大了\n这个状态完全不是对手）,海洛，先撤！\n,0,0,现在的我们不是对手\n只有带走弗尔\n等它下次现身想办法...,0,0,4可恶！,0,0,3你要去送死吗！,0,5...为什么不一起去,0,0,0,0,5等等...\n......,0,0,5...,0,4可恶！！,（就没有什么办法吗\n就算是送死...\n...也带上我啊...）,0,0,4可是，又有什么办法！,0,0,0,4！,0,0,0,5不要...后悔..吗,1...,0,0,0,0,0,0,0,0,0,0,0,,,,,
Woman104,1,3咳...,0,0,0,0,0,什...,0,0,0,0,0,3艾珀！\n我去拖住它,0,那邪神马上就出来了\n我去干扰它\n你赶到帝国那里\n那里有办法封印弗尔，阻止同化,0,等邪神现界\n一切都完了,0,1...\n..抱歉\n...拯救世界的责任就交给你了,0,0,0,0,0,0,0,0,0,0,0,0,0,0,0,0,0,0,0,0,0,0,0,0,0,0,0,0,3邪祟！看这边！,0,0,,,,,
God104,1,0,0,“可笑！真是可笑！\n就凭这种程度吗\n离汝父母还差得远呐”,0,0,在未知的力量爆裂开之前\n艾珀立刻施展空间魔法\n与海洛、倒地的弗尔回到祖宅里,0,0,“哈哈哈哈哈哈哈哈\n吾就知道汝会逃走;但是...\n汝逃得掉吗！”,原本昏迷到底的弗尔突然睁眼\n以邪神的口吻挑衅着二人,0,随后，弗尔挥起手施展空间魔法\n开始连接两处空间,0,0,0,0,0,二人说话间\n传送门已接近成型,0,传送门现界的瞬间\n海洛冲入其中,0,海洛进入传送门后\n没多久弗尔再次闭上眼\n传送门也随之关闭,想必正是海洛在与邪神搏命吧,0,又一次\n又一次被她所救\n很可能也是最后一次,0,0,"此时,弗尔再一次微睁双眼",“...哥哥\n...你甘心...\n重视之人...死在眼前吗”,0,“...不要让...当年的悲剧\n...重演”,弗尔将戴有拉德家另一只空间魔戒吃力抬起\n伸到艾珀眼前,“不要...\n... ...\n...后悔”,0,艾珀再次陷入思考\n他开始思考\n思考海洛对于自己的意义,他已经得到了想要的真相\n他对守护世界没有任何兴趣\n即使是陪海洛一起赴死也可以接受\n,但是...\n艾珀似乎认识到了自己真正想要的...,0,0,艾珀轻轻摘下弗尔手上的戒指...,......\n...,与此同时\n异空间里...,（送死...吗）,（海洛，你在害怕吗）,（不，我不怕\n...我早就做好了觉悟）,（只是...艾珀...\n...有些不舍）,(为梦想而死...\n也算对得起自己...吧),0,“不怕死的小姑娘\n不差这会儿时间\n吾先来会会汝！”,目标：坚持3回合,,,,,
Man105,1,0,0,0,0,0,0,0,0,0,0,0,6你也是\n少自以为是了,0,6拯救世界\n对我来说毫无意义,6我活着的意义,6就是你活着,0,0,0,0,0,0,6嗯，\n先辈能封印这邪祟到今天...,6我不会比他们做得差,0,6...\n那你就等好了,6海洛！\n还能继续战斗吗,0,0,,,,,,,,,,,,,,,,,,,,,,,,,,
Woman105,1,3...咕...哈\n...咳..,0,（到此...为止了吗）,（希望艾珀...能来得及）,0,0,啊...,0,哈？,0,3艾...艾珀？,0,为什么\n为什么要做这种无意义的事啊,0,0,0,3你......,0,3小心！,0,你的空间魔法...\n比原来更强了...,等等，两枚都是空间魔戒？,0,0,0,0,0,1来了,0,,,,,,,,,,,,,,,,,,,,,,,,,,
God105,1,0,“差不多也闹够了吧\n吾对汝已经没有兴趣了\n吾来送汝解脱！”,0,0,邪神汇集能量\n准备结束这场从一开始就胜负已分\n的战斗,随后... \n邪能落下,0,“邪祟！少自以为是！”,0,邪能并未如想象中落下\n在即将接触海洛时消失不见,0,0,0,0,0,0,0,“一起送上门来可真是合了吾之心意\n那便一块死吧”,0,邪神降下的攻击再次消失,0,0,0,0,“可..可笑！\n汝父母二人已不是我对手\n汝又何来的自信”,0,0,0,艾珀的空间魔法：干涉\n得到大幅增强\n目标：击败邪神,,,,,,,,,,,,,,,,,,,,,,,,,,
Man109,1,0,6我可没有说过我能消灭你,0,6已经\n足够了,0,0,0,6不，我自有办法对付你,0,0,0,0,6来了！,0,0,0,6没事，我唯独对自己的执念足够自信,0,0,0,6比想象中顺利...,6没想到，我现在的执念居然能胜过\n存在如此之久的邪神,6不可思议,0,6是什么呢...,0,6这里已经什么都不剩下了\n该走了,0,6嗯,0,0,0,6！,6没事，先不管他了,0,0,0,6你在的地方,0,6我现在可是个定时炸弹\n得麻烦你帮我压制体内的邪神了,0,6对于我自己而言...,0,6我想守护你的理想,0,6旅途还没有结束...,6（弗尔...）,0,0,6准备好就出发？,0,,,,
Woman109,1,0,0,3...,0,0,0,0,0,0,0,4你也休想！,0,0,0,0,3艾珀，你？,0,0,0,艾珀...没事吧,0,0,0,到底是...什么执念\n我们已经寻得了真相...,0,2......,0,结束了吗...,0,0,0,弗尔...呢,0,0,嗯...,好累，终于能休息了...,艾珀，接下来，你会去哪？,0,2....,0,2...\n..可是,0,?,0,！,0,0,嗯,1那就如往常一样...,0,1好,,,,
God109,1,“小鬼，汝确实有一手\n但要想消灭吾\n还差得远呢”,0,0,0,艾珀开始汇聚魔力与自身邪能,“...\n汝这是要做什么”,“还妄想以卵击石么”,0,“休想！”,邪神不打算等艾珀出手\n率先朝艾珀发起攻击,0,海洛持剑死死护在艾珀身前\n不移寸步,0,邪神因空间魔法的影响开始扭曲,“汝？汝这是作何\n汝想与吾同化吗\n哈哈哈哈哈哈哈哈哈\n那真是求之不得”,0,0,“待汝虚弱之时\n便是尔等命丧之日！”,......,0,0,0,0,0,0,0,0,0,0,下一个瞬间，这片天地已然失去所有气息,拉德家祖宅,0,0,0,0,0,0,0,0,0,0,0,0,0,0,0,0,0,0,0,0,,,,
